customer_id,total_spent,name
1001,23752.52,William White
1010,22822.54,Hermione Granger
1007,12422.6,Susan Johnson
1004,11813.439999999999,Chewbacca
1006,11715.820000000002,Tiffany James
1011,8750.94,Hermione Grager
1002,7434.4400000000005,Wylie Coyote
1005,4064.86,Dr Who
1003,2427.3,Dan Brown
1009,1806.3400000000001,Jason Bourne
